autopracuser1@mailnesia.com, autoprac1234
autopracuser2@mailnesia.com, autoprac1234
autopracuser3@mailnesia.com, autoprac1234
autopracuser4@mailnesia.com, autoprac1234
autopracuser5@mailnesia.com, autoprac1234
autopracuser6@mailnesia.com, autoprac1234
autopracuser7@mailnesia.com, autoprac1234
autopracuser8@mailnesia.com, autoprac1234
autopracuser9@mailnesia.com, autoprac1234
autopracuser10@mailnesia.com, autoprac1234
autopracuser11@mailnesia.com, autoprac1234
autopracuser12@mailnesia.com, autoprac1234
autopracuser13@mailnesia.com, autoprac1234
autopracuser14@mailnesia.com, autoprac1234
autopracuser15@mailnesia.com, autoprac1234
autopracuser16@mailnesia.com, autoprac1234
